[{"model": "admin.logentry", "pk": 1, "fields": {"action_time": "2024-06-28T17:37:04.065Z", "user": 1, "content_type": 6, "object_id": "2", "object_repr": "user", "action_flag": 1, "change_message": "[{\"added\": {}}]"}}, {"model": "admin.logentry", "pk": 2, "fields": {"action_time": "2024-06-28T17:37:08.919Z", "user": 1, "content_type": 6, "object_id": "2", "object_repr": "user", "action_flag": 2, "change_message": "[]"}}, {"model": "admin.logentry", "pk": 3, "fields": {"action_time": "2024-06-28T17:37:20.053Z", "user": 1, "content_type": 6, "object_id": "3", "object_repr": "testuser", "action_flag": 1, "change_message": "[{\"added\": {}}]"}}, {"model": "admin.logentry", "pk": 4, "fields": {"action_time": "2024-06-28T17:37:22.749Z", "user": 1, "content_type": 6, "object_id": "3", "object_repr": "testuser", "action_flag": 2, "change_message": "[]"}}, {"model": "admin.logentry", "pk": 5, "fields": {"action_time": "2024-06-28T17:37:45.912Z", "user": 1, "content_type": 7, "object_id": "3", "object_repr": "best_course", "action_flag": 1, "change_message": "[{\"added\": {}}]"}}, {"model": "admin.logentry", "pk": 6, "fields": {"action_time": "2024-06-28T17:38:25.884Z", "user": 1, "content_type": 8, "object_id": "15", "object_repr": "best_lesson", "action_flag": 1, "change_message": "[{\"added\": {}}]"}}, {"model": "admin.logentry", "pk": 7, "fields": {"action_time": "2024-06-28T17:39:50.127Z", "user": 1, "content_type": 9, "object_id": "2", "object_repr": "Payments object (2)", "action_flag": 1, "change_message": "[{\"added\": {}}]"}}, {"model": "admin.logentry", "pk": 8, "fields": {"action_time": "2024-06-28T17:40:06.199Z", "user": 1, "content_type": 9, "object_id": "3", "object_repr": "Payments object (3)", "action_flag": 1, "change_message": "[{\"added\": {}}]"}}, {"model": "admin.logentry", "pk": 9, "fields": {"action_time": "2024-06-28T17:40:24.752Z", "user": 1, "content_type": 9, "object_id": "4", "object_repr": "Payments object (4)", "action_flag": 1, "change_message": "[{\"added\": {}}]"}}, {"model": "admin.logentry", "pk": 10, "fields": {"action_time": "2024-06-28T18:28:00.388Z", "user": 1, "content_type": 9, "object_id": "5", "object_repr": "Payments object (5)", "action_flag": 1, "change_message": "[{\"added\": {}}]"}}, {"model": "admin.logentry", "pk": 11, "fields": {"action_time": "2024-06-28T18:28:15.581Z", "user": 1, "content_type": 9, "object_id": "6", "object_repr": "Payments object (6)", "action_flag": 1, "change_message": "[{\"added\": {}}]"}}, {"model": "admin.logentry", "pk": 12, "fields": {"action_time": "2024-06-28T18:28:30.914Z", "user": 1, "content_type": 9, "object_id": "7", "object_repr": "Payments object (7)", "action_flag": 1, "change_message": "[{\"added\": {}}]"}}, {"model": "admin.logentry", "pk": 13, "fields": {"action_time": "2024-06-28T18:28:46.552Z", "user": 1, "content_type": 9, "object_id": "8", "object_repr": "Payments object (8)", "action_flag": 1, "change_message": "[{\"added\": {}}]"}}, {"model": "admin.logentry", "pk": 14, "fields": {"action_time": "2024-06-28T18:28:58.454Z", "user": 1, "content_type": 9, "object_id": "9", "object_repr": "Payments object (9)", "action_flag": 1, "change_message": "[{\"added\": {}}]"}}, {"model": "admin.logentry", "pk": 15, "fields": {"action_time": "2024-06-28T18:29:11.935Z", "user": 1, "content_type": 9, "object_id": "10", "object_repr": "Payments object (10)", "action_flag": 1, "change_message": "[{\"added\": {}}]"}}, {"model": "admin.logentry", "pk": 16, "fields": {"action_time": "2024-06-30T18:31:03.738Z", "user": 1, "content_type": 6, "object_id": "4", "object_repr": "suguha", "action_flag": 2, "change_message": "[{\"changed\": {\"fields\": [\"Active\"]}}]"}}, {"model": "admin.logentry", "pk": 17, "fields": {"action_time": "2024-06-30T19:05:07.072Z", "user": 1, "content_type": 3, "object_id": "1", "object_repr": "moderator", "action_flag": 1, "change_message": "[{\"added\": {}}]"}}, {"model": "admin.logentry", "pk": 18, "fields": {"action_time": "2024-06-30T19:05:29.868Z", "user": 1, "content_type": 6, "object_id": "4", "object_repr": "suguha", "action_flag": 2, "change_message": "[{\"changed\": {\"fields\": [\"Staff status\", \"Groups\"]}}]"}}, {"model": "admin.logentry", "pk": 19, "fields": {"action_time": "2024-06-30T20:17:56.962Z", "user": 1, "content_type": 7, "object_id": "7", "object_repr": "has change data", "action_flag": 2, "change_message": "[{\"changed\": {\"fields\": [\"\\u0412\\u043b\\u0430\\u0434\\u0435\\u043b\\u0435\\u0446\"]}}]"}}, {"model": "admin.logentry", "pk": 20, "fields": {"action_time": "2024-06-30T20:18:00.469Z", "user": 1, "content_type": 7, "object_id": "6", "object_repr": "test-course", "action_flag": 2, "change_message": "[{\"changed\": {\"fields\": [\"\\u0412\\u043b\\u0430\\u0434\\u0435\\u043b\\u0435\\u0446\"]}}]"}}, {"model": "admin.logentry", "pk": 21, "fields": {"action_time": "2024-06-30T20:18:04.556Z", "user": 1, "content_type": 7, "object_id": "5", "object_repr": "test-course", "action_flag": 2, "change_message": "[{\"changed\": {\"fields\": [\"\\u0412\\u043b\\u0430\\u0434\\u0435\\u043b\\u0435\\u0446\"]}}]"}}, {"model": "admin.logentry", "pk": 22, "fields": {"action_time": "2024-06-30T20:18:07.918Z", "user": 1, "content_type": 7, "object_id": "4", "object_repr": "test-course", "action_flag": 2, "change_message": "[{\"changed\": {\"fields\": [\"\\u0412\\u043b\\u0430\\u0434\\u0435\\u043b\\u0435\\u0446\"]}}]"}}, {"model": "admin.logentry", "pk": 23, "fields": {"action_time": "2024-06-30T20:18:12.370Z", "user": 1, "content_type": 7, "object_id": "3", "object_repr": "best_course", "action_flag": 2, "change_message": "[{\"changed\": {\"fields\": [\"\\u0412\\u043b\\u0430\\u0434\\u0435\\u043b\\u0435\\u0446\"]}}]"}}, {"model": "admin.logentry", "pk": 24, "fields": {"action_time": "2024-06-30T20:18:15.920Z", "user": 1, "content_type": 7, "object_id": "2", "object_repr": "second_course", "action_flag": 2, "change_message": "[{\"changed\": {\"fields\": [\"\\u0412\\u043b\\u0430\\u0434\\u0435\\u043b\\u0435\\u0446\"]}}]"}}, {"model": "admin.logentry", "pk": 25, "fields": {"action_time": "2024-06-30T20:18:18.883Z", "user": 1, "content_type": 7, "object_id": "1", "object_repr": "test-course", "action_flag": 2, "change_message": "[{\"changed\": {\"fields\": [\"\\u0412\\u043b\\u0430\\u0434\\u0435\\u043b\\u0435\\u0446\"]}}]"}}, {"model": "admin.logentry", "pk": 26, "fields": {"action_time": "2024-06-30T20:18:23.188Z", "user": 1, "content_type": 8, "object_id": "18", "object_repr": "test-lesson", "action_flag": 2, "change_message": "[{\"changed\": {\"fields\": [\"\\u0412\\u043b\\u0430\\u0434\\u0435\\u043b\\u0435\\u0446\"]}}]"}}, {"model": "admin.logentry", "pk": 27, "fields": {"action_time": "2024-06-30T20:18:26.332Z", "user": 1, "content_type": 8, "object_id": "17", "object_repr": "test-lesson", "action_flag": 2, "change_message": "[{\"changed\": {\"fields\": [\"\\u0412\\u043b\\u0430\\u0434\\u0435\\u043b\\u0435\\u0446\"]}}]"}}, {"model": "admin.logentry", "pk": 28, "fields": {"action_time": "2024-06-30T20:18:29.970Z", "user": 1, "content_type": 8, "object_id": "16", "object_repr": "test-lesson", "action_flag": 2, "change_message": "[{\"changed\": {\"fields\": [\"\\u0412\\u043b\\u0430\\u0434\\u0435\\u043b\\u0435\\u0446\"]}}]"}}, {"model": "admin.logentry", "pk": 29, "fields": {"action_time": "2024-06-30T20:18:34.418Z", "user": 1, "content_type": 8, "object_id": "15", "object_repr": "best_lesson", "action_flag": 2, "change_message": "[{\"changed\": {\"fields\": [\"\\u0412\\u043b\\u0430\\u0434\\u0435\\u043b\\u0435\\u0446\"]}}]"}}, {"model": "admin.logentry", "pk": 30, "fields": {"action_time": "2024-06-30T20:18:37.641Z", "user": 1, "content_type": 8, "object_id": "14", "object_repr": "test-lesson", "action_flag": 2, "change_message": "[{\"changed\": {\"fields\": [\"\\u0412\\u043b\\u0430\\u0434\\u0435\\u043b\\u0435\\u0446\"]}}]"}}, {"model": "admin.logentry", "pk": 31, "fields": {"action_time": "2024-06-30T20:18:41.288Z", "user": 1, "content_type": 8, "object_id": "12", "object_repr": "test-lesson", "action_flag": 2, "change_message": "[{\"changed\": {\"fields\": [\"\\u0412\\u043b\\u0430\\u0434\\u0435\\u043b\\u0435\\u0446\"]}}]"}}, {"model": "admin.logentry", "pk": 32, "fields": {"action_time": "2024-06-30T20:18:45.088Z", "user": 1, "content_type": 8, "object_id": "11", "object_repr": "test-lesson", "action_flag": 2, "change_message": "[{\"changed\": {\"fields\": [\"\\u0412\\u043b\\u0430\\u0434\\u0435\\u043b\\u0435\\u0446\"]}}]"}}, {"model": "admin.logentry", "pk": 33, "fields": {"action_time": "2024-06-30T20:18:48.019Z", "user": 1, "content_type": 8, "object_id": "10", "object_repr": "test-lesson", "action_flag": 2, "change_message": "[{\"changed\": {\"fields\": [\"\\u0412\\u043b\\u0430\\u0434\\u0435\\u043b\\u0435\\u0446\"]}}]"}}, {"model": "admin.logentry", "pk": 34, "fields": {"action_time": "2024-06-30T20:18:51.355Z", "user": 1, "content_type": 8, "object_id": "9", "object_repr": "test-lesson", "action_flag": 2, "change_message": "[{\"changed\": {\"fields\": [\"\\u0412\\u043b\\u0430\\u0434\\u0435\\u043b\\u0435\\u0446\"]}}]"}}, {"model": "admin.logentry", "pk": 35, "fields": {"action_time": "2024-07-07T20:15:13.860Z", "user": 1, "content_type": 8, "object_id": "28", "object_repr": "test_course_lesson", "action_flag": 1, "change_message": "[{\"added\": {}}]"}}, {"model": "admin.logentry", "pk": 36, "fields": {"action_time": "2024-07-08T19:13:53.324Z", "user": 1, "content_type": 9, "object_id": "20", "object_repr": "Payments object (20)", "action_flag": 3, "change_message": ""}}, {"model": "admin.logentry", "pk": 37, "fields": {"action_time": "2024-07-08T19:13:53.328Z", "user": 1, "content_type": 9, "object_id": "19", "object_repr": "Payments object (19)", "action_flag": 3, "change_message": ""}}, {"model": "admin.logentry", "pk": 38, "fields": {"action_time": "2024-07-08T19:13:53.328Z", "user": 1, "content_type": 9, "object_id": "18", "object_repr": "Payments object (18)", "action_flag": 3, "change_message": ""}}, {"model": "admin.logentry", "pk": 39, "fields": {"action_time": "2024-07-08T19:13:53.329Z", "user": 1, "content_type": 9, "object_id": "17", "object_repr": "Payments object (17)", "action_flag": 3, "change_message": ""}}, {"model": "admin.logentry", "pk": 40, "fields": {"action_time": "2024-07-08T19:13:53.329Z", "user": 1, "content_type": 9, "object_id": "16", "object_repr": "Payments object (16)", "action_flag": 3, "change_message": ""}}, {"model": "admin.logentry", "pk": 41, "fields": {"action_time": "2024-07-08T19:13:53.330Z", "user": 1, "content_type": 9, "object_id": "15", "object_repr": "Payments object (15)", "action_flag": 3, "change_message": ""}}, {"model": "admin.logentry", "pk": 42, "fields": {"action_time": "2024-07-08T19:13:53.331Z", "user": 1, "content_type": 9, "object_id": "14", "object_repr": "Payments object (14)", "action_flag": 3, "change_message": ""}}, {"model": "admin.logentry", "pk": 43, "fields": {"action_time": "2024-07-08T19:13:53.331Z", "user": 1, "content_type": 9, "object_id": "13", "object_repr": "Payments object (13)", "action_flag": 3, "change_message": ""}}, {"model": "admin.logentry", "pk": 44, "fields": {"action_time": "2024-07-08T19:13:53.332Z", "user": 1, "content_type": 9, "object_id": "12", "object_repr": "Payments object (12)", "action_flag": 3, "change_message": ""}}, {"model": "admin.logentry", "pk": 45, "fields": {"action_time": "2024-07-08T19:13:53.332Z", "user": 1, "content_type": 9, "object_id": "11", "object_repr": "Payments object (11)", "action_flag": 3, "change_message": ""}}, {"model": "admin.logentry", "pk": 46, "fields": {"action_time": "2024-07-08T19:13:53.333Z", "user": 1, "content_type": 9, "object_id": "10", "object_repr": "Payments object (10)", "action_flag": 3, "change_message": ""}}, {"model": "admin.logentry", "pk": 47, "fields": {"action_time": "2024-07-08T19:13:53.333Z", "user": 1, "content_type": 9, "object_id": "9", "object_repr": "Payments object (9)", "action_flag": 3, "change_message": ""}}, {"model": "admin.logentry", "pk": 48, "fields": {"action_time": "2024-07-08T19:13:53.334Z", "user": 1, "content_type": 9, "object_id": "8", "object_repr": "Payments object (8)", "action_flag": 3, "change_message": ""}}, {"model": "admin.logentry", "pk": 49, "fields": {"action_time": "2024-07-08T19:13:53.334Z", "user": 1, "content_type": 9, "object_id": "7", "object_repr": "Payments object (7)", "action_flag": 3, "change_message": ""}}, {"model": "admin.logentry", "pk": 50, "fields": {"action_time": "2024-07-08T19:13:53.335Z", "user": 1, "content_type": 9, "object_id": "6", "object_repr": "Payments object (6)", "action_flag": 3, "change_message": ""}}, {"model": "admin.logentry", "pk": 51, "fields": {"action_time": "2024-07-08T19:13:53.335Z", "user": 1, "content_type": 9, "object_id": "5", "object_repr": "Payments object (5)", "action_flag": 3, "change_message": ""}}, {"model": "admin.logentry", "pk": 52, "fields": {"action_time": "2024-07-08T19:13:53.336Z", "user": 1, "content_type": 9, "object_id": "4", "object_repr": "Payments object (4)", "action_flag": 3, "change_message": ""}}, {"model": "admin.logentry", "pk": 53, "fields": {"action_time": "2024-07-08T19:13:53.337Z", "user": 1, "content_type": 9, "object_id": "3", "object_repr": "Payments object (3)", "action_flag": 3, "change_message": ""}}, {"model": "admin.logentry", "pk": 54, "fields": {"action_time": "2024-07-08T19:13:53.337Z", "user": 1, "content_type": 9, "object_id": "2", "object_repr": "Payments object (2)", "action_flag": 3, "change_message": ""}}, {"model": "auth.permission", "pk": 1, "fields": {"name": "Can add log entry", "content_type": 1, "codename": "add_logentry"}}, {"model": "auth.permission", "pk": 2, "fields": {"name": "Can change log entry", "content_type": 1, "codename": "change_logentry"}}, {"model": "auth.permission", "pk": 3, "fields": {"name": "Can delete log entry", "content_type": 1, "codename": "delete_logentry"}}, {"model": "auth.permission", "pk": 4, "fields": {"name": "Can view log entry", "content_type": 1, "codename": "view_logentry"}}, {"model": "auth.permission", "pk": 5, "fields": {"name": "Can add permission", "content_type": 2, "codename": "add_permission"}}, {"model": "auth.permission", "pk": 6, "fields": {"name": "Can change permission", "content_type": 2, "codename": "change_permission"}}, {"model": "auth.permission", "pk": 7, "fields": {"name": "Can delete permission", "content_type": 2, "codename": "delete_permission"}}, {"model": "auth.permission", "pk": 8, "fields": {"name": "Can view permission", "content_type": 2, "codename": "view_permission"}}, {"model": "auth.permission", "pk": 9, "fields": {"name": "Can add group", "content_type": 3, "codename": "add_group"}}, {"model": "auth.permission", "pk": 10, "fields": {"name": "Can change group", "content_type": 3, "codename": "change_group"}}, {"model": "auth.permission", "pk": 11, "fields": {"name": "Can delete group", "content_type": 3, "codename": "delete_group"}}, {"model": "auth.permission", "pk": 12, "fields": {"name": "Can view group", "content_type": 3, "codename": "view_group"}}, {"model": "auth.permission", "pk": 13, "fields": {"name": "Can add content type", "content_type": 4, "codename": "add_contenttype"}}, {"model": "auth.permission", "pk": 14, "fields": {"name": "Can change content type", "content_type": 4, "codename": "change_contenttype"}}, {"model": "auth.permission", "pk": 15, "fields": {"name": "Can delete content type", "content_type": 4, "codename": "delete_contenttype"}}, {"model": "auth.permission", "pk": 16, "fields": {"name": "Can view content type", "content_type": 4, "codename": "view_contenttype"}}, {"model": "auth.permission", "pk": 17, "fields": {"name": "Can add session", "content_type": 5, "codename": "add_session"}}, {"model": "auth.permission", "pk": 18, "fields": {"name": "Can change session", "content_type": 5, "codename": "change_session"}}, {"model": "auth.permission", "pk": 19, "fields": {"name": "Can delete session", "content_type": 5, "codename": "delete_session"}}, {"model": "auth.permission", "pk": 20, "fields": {"name": "Can view session", "content_type": 5, "codename": "view_session"}}, {"model": "auth.permission", "pk": 21, "fields": {"name": "Can add user", "content_type": 6, "codename": "add_user"}}, {"model": "auth.permission", "pk": 22, "fields": {"name": "Can change user", "content_type": 6, "codename": "change_user"}}, {"model": "auth.permission", "pk": 23, "fields": {"name": "Can delete user", "content_type": 6, "codename": "delete_user"}}, {"model": "auth.permission", "pk": 24, "fields": {"name": "Can view user", "content_type": 6, "codename": "view_user"}}, {"model": "auth.permission", "pk": 25, "fields": {"name": "Can add курс", "content_type": 7, "codename": "add_course"}}, {"model": "auth.permission", "pk": 26, "fields": {"name": "Can change курс", "content_type": 7, "codename": "change_course"}}, {"model": "auth.permission", "pk": 27, "fields": {"name": "Can delete курс", "content_type": 7, "codename": "delete_course"}}, {"model": "auth.permission", "pk": 28, "fields": {"name": "Can view курс", "content_type": 7, "codename": "view_course"}}, {"model": "auth.permission", "pk": 29, "fields": {"name": "Can add урок", "content_type": 8, "codename": "add_lesson"}}, {"model": "auth.permission", "pk": 30, "fields": {"name": "Can change урок", "content_type": 8, "codename": "change_lesson"}}, {"model": "auth.permission", "pk": 31, "fields": {"name": "Can delete урок", "content_type": 8, "codename": "delete_lesson"}}, {"model": "auth.permission", "pk": 32, "fields": {"name": "Can view урок", "content_type": 8, "codename": "view_lesson"}}, {"model": "auth.permission", "pk": 33, "fields": {"name": "Can add payments", "content_type": 9, "codename": "add_payments"}}, {"model": "auth.permission", "pk": 34, "fields": {"name": "Can change payments", "content_type": 9, "codename": "change_payments"}}, {"model": "auth.permission", "pk": 35, "fields": {"name": "Can delete payments", "content_type": 9, "codename": "delete_payments"}}, {"model": "auth.permission", "pk": 36, "fields": {"name": "Can view payments", "content_type": 9, "codename": "view_payments"}}, {"model": "auth.permission", "pk": 37, "fields": {"name": "Can add подписка", "content_type": 10, "codename": "add_subscribe"}}, {"model": "auth.permission", "pk": 38, "fields": {"name": "Can change подписка", "content_type": 10, "codename": "change_subscribe"}}, {"model": "auth.permission", "pk": 39, "fields": {"name": "Can delete подписка", "content_type": 10, "codename": "delete_subscribe"}}, {"model": "auth.permission", "pk": 40, "fields": {"name": "Can view подписка", "content_type": 10, "codename": "view_subscribe"}}, {"model": "auth.group", "pk": 1, "fields": {"name": "moderator", "permissions": [26, 28, 30, 32]}}, {"model": "contenttypes.contenttype", "pk": 1, "fields": {"app_label": "admin", "model": "logentry"}}, {"model": "contenttypes.contenttype", "pk": 2, "fields": {"app_label": "auth", "model": "permission"}}, {"model": "contenttypes.contenttype", "pk": 3, "fields": {"app_label": "auth", "model": "group"}}, {"model": "contenttypes.contenttype", "pk": 4, "fields": {"app_label": "contenttypes", "model": "contenttype"}}, {"model": "contenttypes.contenttype", "pk": 5, "fields": {"app_label": "sessions", "model": "session"}}, {"model": "contenttypes.contenttype", "pk": 6, "fields": {"app_label": "users", "model": "user"}}, {"model": "contenttypes.contenttype", "pk": 7, "fields": {"app_label": "courses", "model": "course"}}, {"model": "contenttypes.contenttype", "pk": 8, "fields": {"app_label": "courses", "model": "lesson"}}, {"model": "contenttypes.contenttype", "pk": 9, "fields": {"app_label": "users", "model": "payments"}}, {"model": "contenttypes.contenttype", "pk": 10, "fields": {"app_label": "courses", "model": "subscribe"}}, {"model": "sessions.session", "pk": "6jqlgn5095o5k3a0m8qofocojlekqv0k", "fields": {"session_data": ".eJxVi0sOAiEQBe_C2kyg-TS408RzkOYXiDomwqyMd3dIXOjyVb16MU_bqH7r-elbYkcm2OGXBYrXvE4xZ1-myetokUZ7rMvlTu122tn5-_uLK_W6l8FJ6SIAYJFUhLY6hcR1wsyVMiEAYYkRSAHXLlmBylpCo4lQGm4Ke38AEBg2Xw:1sQZqI:3mIhnLbFfE6RReUcZkNby_B4Og3Et0LPamsZNSalmYY", "expire_date": "2024-07-21T21:54:46.726Z"}}, {"model": "users.user", "pk": 1, "fields": {"password": "pbkdf2_sha256$720000$kvIDQjJhBNkASDWuCXlpIg$eXIXv884WI0UnBNTID1pdVHutYW4Q5eQzN0s/YknqrA=", "last_login": "2024-07-07T21:54:46.725Z", "is_superuser": true, "username": "root", "first_name": "alex", "last_name": "", "email": "root@gmail.com", "is_staff": true, "is_active": true, "date_joined": "2024-06-26T17:44:38.524Z", "phone": null, "city": "OMSK", "avatar": "", "groups": [], "user_permissions": []}}, {"model": "users.user", "pk": 2, "fields": {"password": "pbkdf2_sha256$720000$uXVQSPsbT0mkCI0Go8lz7J$PV26mTWxDbNks8qSsv/mgIUoyRl3g5H618mWaH6kFCY=", "last_login": null, "is_superuser": false, "username": "user", "first_name": "", "last_name": "", "email": "", "is_staff": false, "is_active": true, "date_joined": "2024-06-28T17:37:03Z", "phone": null, "city": null, "avatar": "", "groups": [], "user_permissions": []}}, {"model": "users.user", "pk": 3, "fields": {"password": "pbkdf2_sha256$720000$bqMx63J4GhwCeIITiN3PaB$xWs9a/tJ6O7wwqAyJYeaymDtvvLds/m2yr/Ospmd/KM=", "last_login": null, "is_superuser": false, "username": "testuser", "first_name": "", "last_name": "", "email": "", "is_staff": false, "is_active": true, "date_joined": "2024-06-28T17:37:19Z", "phone": null, "city": null, "avatar": "", "groups": [], "user_permissions": []}}, {"model": "users.user", "pk": 4, "fields": {"password": "pbkdf2_sha256$720000$snmVs9c4gbBx78fYxTnWgT$8qrWqkQ88sq68QXFlnfDBR8b4JiGZOdH6nznkOUKbUI=", "last_login": "2024-07-07T21:53:43.954Z", "is_superuser": false, "username": "suguha", "first_name": "alex", "last_name": "", "email": "suguha@gmail.com", "is_staff": true, "is_active": true, "date_joined": "2024-06-30T13:05:34Z", "phone": null, "city": "OMSK", "avatar": "", "groups": [1], "user_permissions": []}}, {"model": "users.user", "pk": 5, "fields": {"password": "pbkdf2_sha256$720000$TU3ebawNY9nLXDxDxPM5LC$xlPyMsGG8S9+73NSrEv8ManlRpjyUqn/sJea7h0qk+c=", "last_login": null, "is_superuser": false, "username": "suguha1", "first_name": "", "last_name": "", "email": "suguha1@gmail.com", "is_staff": false, "is_active": true, "date_joined": "2024-07-02T11:01:56.194Z", "phone": null, "city": null, "avatar": "", "groups": [], "user_permissions": []}}, {"model": "users.user", "pk": 6, "fields": {"password": "pbkdf2_sha256$720000$AU1tGKS9h1BsE6qSDACeeJ$1w0tfFHriNSxd8RigjWCYkKvlPyGbIzhap+pz2dsCG8=", "last_login": null, "is_superuser": false, "username": "suguha2", "first_name": "", "last_name": "", "email": "suguha2@gmail.com", "is_staff": false, "is_active": true, "date_joined": "2024-07-02T11:02:09.625Z", "phone": null, "city": null, "avatar": "", "groups": [], "user_permissions": []}}, {"model": "users.user", "pk": 7, "fields": {"password": "pbkdf2_sha256$720000$1uahLo40gwFsQMPUsjMeUs$4z1peAFwzdGcvbAZmqKsVIe1BeVOL0wqWZbek0U+/0s=", "last_login": null, "is_superuser": false, "username": "suguha4", "first_name": "", "last_name": "", "email": "suguha2@gmail.com", "is_staff": false, "is_active": true, "date_joined": "2024-07-02T11:02:27.403Z", "phone": null, "city": null, "avatar": "", "groups": [], "user_permissions": []}}, {"model": "users.user", "pk": 8, "fields": {"password": "pbkdf2_sha256$720000$j21cZaejR9NpqHfk3MS0b5$cgWZlM9yLh0S3xNtxvtUu8qZ5GNEivDLJXKHPq4s6YM=", "last_login": null, "is_superuser": false, "username": "suguha5", "first_name": "", "last_name": "", "email": "suguha2@gmail.com", "is_staff": false, "is_active": true, "date_joined": "2024-07-02T11:09:34.322Z", "phone": null, "city": null, "avatar": "", "groups": [], "user_permissions": []}}, {"model": "users.user", "pk": 9, "fields": {"password": "pbkdf2_sha256$720000$jjLwFY36vpKZY7eYFGFGfn$gJ27w+ImnscgfXfLBEfcM0ELTGzvN+pYk+C09SXQg4E=", "last_login": null, "is_superuser": false, "username": "suguha6", "first_name": "", "last_name": "", "email": "suguha2@gmail.com", "is_staff": false, "is_active": true, "date_joined": "2024-07-02T11:11:20.241Z", "phone": null, "city": null, "avatar": "", "groups": [], "user_permissions": []}}, {"model": "users.user", "pk": 10, "fields": {"password": "pbkdf2_sha256$720000$Q3FjifvfeG6hkYNtsy7IQx$q/mYyv19A+1ThgETEwtrTDUcGKYdYa83adrXps8ERXM=", "last_login": null, "is_superuser": false, "username": "suguha7", "first_name": "", "last_name": "", "email": "suguha2@gmail.com", "is_staff": false, "is_active": true, "date_joined": "2024-07-02T11:12:44.612Z", "phone": null, "city": null, "avatar": "", "groups": [], "user_permissions": []}}, {"model": "users.user", "pk": 11, "fields": {"password": "pbkdf2_sha256$720000$yQBQve152GYXadPGf5H4w1$FcrUCEAf19Ea92YTHWASMC42VQb5NWcu1YCjciSX2jQ=", "last_login": null, "is_superuser": false, "username": "suguha8", "first_name": "", "last_name": "", "email": "suguha2@gmail.com", "is_staff": false, "is_active": true, "date_joined": "2024-07-02T11:13:19.514Z", "phone": null, "city": null, "avatar": "", "groups": [], "user_permissions": []}}, {"model": "users.user", "pk": 12, "fields": {"password": "pbkdf2_sha256$720000$h8UThn05yrOfWUvM2mj9yu$QwEuGhghf4gxFefVhThPLMwewC1paLx3AD6/h9644kY=", "last_login": null, "is_superuser": false, "username": "suguha9", "first_name": "", "last_name": "", "email": "suguha2@gmail.com", "is_staff": false, "is_active": true, "date_joined": "2024-07-02T11:14:06.036Z", "phone": null, "city": null, "avatar": "", "groups": [], "user_permissions": []}}, {"model": "users.user", "pk": 13, "fields": {"password": "pbkdf2_sha256$720000$ZzaA7paPvHdfOhU1v4kk3w$tdWUZ6QbrCNW4wrlZvUTWTVSR0wSJRrQQFRW0cz2mFQ=", "last_login": null, "is_superuser": false, "username": "suguha10", "first_name": "", "last_name": "", "email": "suguha2@gmail.com", "is_staff": false, "is_active": true, "date_joined": "2024-07-02T11:14:29.634Z", "phone": null, "city": null, "avatar": "", "groups": [], "user_permissions": []}}, {"model": "users.user", "pk": 14, "fields": {"password": "pbkdf2_sha256$720000$D5pQeXdAsfASXc7LC4XxdK$gmQNHW08daAUJK+CmZsFw5s3kMvC9YhDlAtmx5KKI4o=", "last_login": null, "is_superuser": false, "username": "suguha11", "first_name": "", "last_name": "", "email": "suguha2@gmail.com", "is_staff": false, "is_active": true, "date_joined": "2024-07-02T11:15:15.543Z", "phone": null, "city": null, "avatar": "", "groups": [], "user_permissions": []}}, {"model": "users.user", "pk": 15, "fields": {"password": "pbkdf2_sha256$720000$YUTSEEzaKYf6ud2nwRco0U$QBYq65JiGbd5II7/F86Mi3kiPbA22wGF5prilv/Obzs=", "last_login": null, "is_superuser": false, "username": "suguha12", "first_name": "", "last_name": "", "email": "suguha2@gmail.com", "is_staff": false, "is_active": true, "date_joined": "2024-07-02T11:16:36.379Z", "phone": null, "city": null, "avatar": "", "groups": [], "user_permissions": []}}, {"model": "users.user", "pk": 16, "fields": {"password": "pbkdf2_sha256$720000$XCzSJlwEN25kvzfXql7TUt$dbfiug6z0Iy6ov/BAQsRpHufQiEFwy8EafLsys6oLWI=", "last_login": null, "is_superuser": false, "username": "suguha13", "first_name": "", "last_name": "", "email": "suguha2@gmail.com", "is_staff": false, "is_active": true, "date_joined": "2024-07-02T11:16:50.264Z", "phone": null, "city": null, "avatar": "", "groups": [], "user_permissions": []}}, {"model": "users.user", "pk": 17, "fields": {"password": "pbkdf2_sha256$720000$HfIK5hsZ1oo779EEOwJN4p$LWyA370TVTloEIlz7MSN4ObSxRS6d8d5PcC3lFIDUDM=", "last_login": null, "is_superuser": false, "username": "suguha15", "first_name": "", "last_name": "", "email": "suguha2@gmail.com", "is_staff": false, "is_active": true, "date_joined": "2024-07-02T11:40:59.484Z", "phone": null, "city": null, "avatar": "", "groups": [], "user_permissions": []}}, {"model": "users.payments", "pk": 21, "fields": {"user": 4, "id_session": "cs_test_a1s1c5OqXVYmP0SKMXX7gXvSfXPTeMEr74shHbTLqUbYGnxKsDjGw4M1PJ", "date_of_pay": "2024-07-08T19:14:02.982Z", "pay_course": 4, "pay_lesson": null, "payment_amount": "1364028", "payment_method": "money_transfer"}}, {"model": "courses.course", "pk": 1, "fields": {"owner": 2, "course_name": "second_course196", "course_preview": "", "amount": "498188", "time_create": "2024-07-05T21:05:32.693Z", "time_update": "2024-07-08T19:10:03.658Z", "description": "description for second course"}}, {"model": "courses.course", "pk": 2, "fields": {"owner": 4, "course_name": "second_course4", "course_preview": "", "amount": "1980463", "time_create": "2024-07-05T21:05:32.693Z", "time_update": "2024-07-08T19:10:03.657Z", "description": "description for second course"}}, {"model": "courses.course", "pk": 3, "fields": {"owner": 4, "course_name": "best_course6", "course_preview": "", "amount": "351465", "time_create": "2024-07-05T21:05:32.693Z", "time_update": "2024-07-08T19:10:03.658Z", "description": "best course ever"}}, {"model": "courses.course", "pk": 4, "fields": {"owner": 3, "course_name": "test-course58", "course_preview": "", "amount": "1364028", "time_create": "2024-07-05T21:05:32.693Z", "time_update": "2024-07-08T19:10:03.658Z", "description": "test-description"}}, {"model": "courses.course", "pk": 5, "fields": {"owner": 3, "course_name": "test-course87", "course_preview": "", "amount": "1623468", "time_create": "2024-07-05T21:05:32.693Z", "time_update": "2024-07-08T19:10:03.660Z", "description": "test-description"}}, {"model": "courses.course", "pk": 6, "fields": {"owner": 3, "course_name": "test-course80", "course_preview": "", "amount": "1627561", "time_create": "2024-07-05T21:05:32.693Z", "time_update": "2024-07-08T19:10:03.659Z", "description": "test-description"}}, {"model": "courses.course", "pk": 7, "fields": {"owner": 1, "course_name": "has change data24", "course_preview": "", "amount": "999303", "time_create": "2024-07-05T21:05:32.693Z", "time_update": "2024-07-08T19:10:03.659Z", "description": "test-description"}}, {"model": "courses.course", "pk": 8, "fields": {"owner": null, "course_name": "second_course150", "course_preview": "", "amount": "730984", "time_create": "2024-07-05T21:05:32.693Z", "time_update": "2024-07-08T19:10:03.660Z", "description": "description for second course"}}, {"model": "courses.course", "pk": 9, "fields": {"owner": 5, "course_name": "second_course112", "course_preview": "", "amount": "421743", "time_create": "2024-07-06T20:28:06.029Z", "time_update": "2024-07-08T19:10:03.654Z", "description": "description for second course"}}, {"model": "courses.lesson", "pk": 9, "fields": {"owner": 2, "course": 1, "lesson_name": "test-lesson10", "amount": "340746", "description": "", "time_create": "2024-07-05T21:05:32.707Z", "time_update": "2024-07-08T19:16:47.862Z", "lesson_preview": "", "video_link": ""}}, {"model": "courses.lesson", "pk": 10, "fields": {"owner": 2, "course": 8, "lesson_name": "test-lesson92", "amount": "359478", "description": "test-description", "time_create": "2024-07-05T21:05:32.707Z", "time_update": "2024-07-08T19:16:47.866Z", "lesson_preview": "", "video_link": "my_video/some/"}}, {"model": "courses.lesson", "pk": 11, "fields": {"owner": 3, "course": 1, "lesson_name": "test-lesson4", "amount": "473343", "description": "test-description", "time_create": "2024-07-05T21:05:32.707Z", "time_update": "2024-07-08T19:16:47.853Z", "lesson_preview": "", "video_link": ""}}, {"model": "courses.lesson", "pk": 12, "fields": {"owner": 2, "course": 1, "lesson_name": "test-lesson49", "amount": "672276", "description": "test-description", "time_create": "2024-07-05T21:05:32.707Z", "time_update": "2024-07-08T19:16:47.850Z", "lesson_preview": "", "video_link": ""}}, {"model": "courses.lesson", "pk": 13, "fields": {"owner": null, "course": 2, "lesson_name": "test-lesson47", "amount": "393998", "description": "test-description", "time_create": "2024-07-05T21:05:32.707Z", "time_update": "2024-07-08T19:16:47.865Z", "lesson_preview": "", "video_link": ""}}, {"model": "courses.lesson", "pk": 14, "fields": {"owner": 1, "course": 8, "lesson_name": "test-lesson68", "amount": "549238", "description": "test-description", "time_create": "2024-07-05T21:05:32.707Z", "time_update": "2024-07-08T19:16:47.866Z", "lesson_preview": "", "video_link": "my_video/some/"}}, {"model": "courses.lesson", "pk": 15, "fields": {"owner": 1, "course": 3, "lesson_name": "best_lesson23", "amount": "256341", "description": "best lesson ever", "time_create": "2024-07-05T21:05:32.707Z", "time_update": "2024-07-08T19:16:47.865Z", "lesson_preview": "", "video_link": ""}}, {"model": "courses.lesson", "pk": 16, "fields": {"owner": 4, "course": 2, "lesson_name": "test-lesson58", "amount": "325103", "description": "test-description", "time_create": "2024-07-05T21:05:32.707Z", "time_update": "2024-07-08T19:16:47.864Z", "lesson_preview": "", "video_link": ""}}, {"model": "courses.lesson", "pk": 17, "fields": {"owner": 4, "course": 2, "lesson_name": "test-lesson55", "amount": "527312", "description": "test-description", "time_create": "2024-07-05T21:05:32.707Z", "time_update": "2024-07-08T19:16:47.864Z", "lesson_preview": "", "video_link": ""}}, {"model": "courses.lesson", "pk": 18, "fields": {"owner": 4, "course": 2, "lesson_name": "test-lesson78", "amount": "365746", "description": "test-description", "time_create": "2024-07-05T21:05:32.707Z", "time_update": "2024-07-08T19:16:47.863Z", "lesson_preview": "", "video_link": ""}}, {"model": "courses.lesson", "pk": 19, "fields": {"owner": null, "course": 2, "lesson_name": "test-lesson57", "amount": "226062", "description": "test-description", "time_create": "2024-07-05T21:05:32.707Z", "time_update": "2024-07-08T19:16:47.863Z", "lesson_preview": "", "video_link": "https://youtube/some_video"}}, {"model": "courses.lesson", "pk": 20, "fields": {"owner": null, "course": 2, "lesson_name": "test-lesson42", "amount": "257693", "description": "test-description", "time_create": "2024-07-05T21:05:32.707Z", "time_update": "2024-07-08T19:16:47.855Z", "lesson_preview": "", "video_link": "my_video_link"}}, {"model": "courses.lesson", "pk": 21, "fields": {"owner": null, "course": 2, "lesson_name": "test-lesson29", "amount": "512408", "description": "test-description", "time_create": "2024-07-05T21:05:32.707Z", "time_update": "2024-07-08T19:16:47.862Z", "lesson_preview": "", "video_link": "https://my_video/some/"}}, {"model": "courses.lesson", "pk": 22, "fields": {"owner": null, "course": 2, "lesson_name": "test-lesson72", "amount": "216806", "description": "test-description", "time_create": "2024-07-05T21:05:32.707Z", "time_update": "2024-07-08T19:16:47.861Z", "lesson_preview": "", "video_link": "https://my_video/some/"}}, {"model": "courses.lesson", "pk": 23, "fields": {"owner": null, "course": 2, "lesson_name": "test-lesson6", "amount": "335532", "description": "test-description", "time_create": "2024-07-05T21:05:32.707Z", "time_update": "2024-07-08T19:16:47.860Z", "lesson_preview": "", "video_link": "https://my_video/some/"}}, {"model": "courses.lesson", "pk": 24, "fields": {"owner": null, "course": 2, "lesson_name": "test-lesson83", "amount": "378599", "description": "test-description", "time_create": "2024-07-05T21:05:32.707Z", "time_update": "2024-07-08T19:16:47.859Z", "lesson_preview": "", "video_link": "https://my_video/some/"}}, {"model": "courses.lesson", "pk": 25, "fields": {"owner": null, "course": 2, "lesson_name": "test-lesson53", "amount": "374681", "description": "test-description", "time_create": "2024-07-05T21:05:32.707Z", "time_update": "2024-07-08T19:16:47.857Z", "lesson_preview": "", "video_link": "https://my_video/some/"}}, {"model": "courses.lesson", "pk": 26, "fields": {"owner": null, "course": 2, "lesson_name": "test-lesson9", "amount": "313568", "description": "test-description", "time_create": "2024-07-05T21:05:32.707Z", "time_update": "2024-07-08T19:16:47.856Z", "lesson_preview": "", "video_link": "https://my_video/some/"}}, {"model": "courses.lesson", "pk": 27, "fields": {"owner": 5, "course": 8, "lesson_name": "test-lesson66", "amount": "518420", "description": "test-description", "time_create": "2024-07-06T20:28:13.735Z", "time_update": "2024-07-08T19:16:47.866Z", "lesson_preview": "", "video_link": "my_video/some/"}}, {"model": "courses.lesson", "pk": 28, "fields": {"owner": 14, "course": 3, "lesson_name": "test_course_lesson", "amount": "351318", "description": "", "time_create": "2024-07-07T20:15:13.859Z", "time_update": "2024-07-08T19:16:47.867Z", "lesson_preview": "", "video_link": "home/home"}}, {"model": "courses.subscribe", "pk": 6, "fields": {"course": 1, "user": 5}}, {"model": "courses.subscribe", "pk": 7, "fields": {"course": 3, "user": 5}}]